,ID,MTS,AMOUNT,PRICE
0,264771765,1530625213620,-36.79102645,37.796
1,264771764,1530625213619,-32.5,37.797
2,264771763,1530625213617,-24.86733666,37.798
3,264771762,1530625213616,-10.84163689,37.798
4,264771746,1530625212834,-132.0,37.798
5,264771741,1530625211458,0.34407,37.874
6,264771740,1530625211456,1.77073,37.874
7,264771721,1530625207388,2.11469,37.876
8,264771714,1530625206509,-3.92014666,37.798
9,264771713,1530625206457,-7.79731555,37.798
10,264771712,1530625206300,-3.9009009,37.798
11,264771708,1530625205320,2.11458,37.878
12,264771515,1530625165920,-10.959,37.782
13,264771514,1530625165918,-14.041,37.804
14,264771466,1530625141970,2.42512126,37.866
15,264771465,1530625141968,0.6,37.866
16,264771417,1530625126359,-13.38493084,37.796
17,264771416,1530625126357,-6.61506916,37.796
18,264771407,1530625123525,-4.995,37.795
19,264771364,1530625115158,0.6,37.83
20,264771358,1530625114537,5.20518861,37.828
21,264771356,1530625114464,1.391,37.828
22,264771330,1530625113992,0.09781022,37.82
23,264771323,1530625113794,31.40218978,37.82
24,264771322,1530625113788,5.5828803,37.82
25,264771318,1530625113681,56.0176997,37.82
26,264771317,1530625113675,10.0,37.818
27,264771313,1530625113244,7.62100796,37.816
28,264771281,1530625111597,0.6,37.79
29,264771280,1530625111589,0.6,37.773
30,264771279,1530625111580,34.05537281,37.772
31,264771277,1530625111467,3.77445679,37.772
32,264771269,1530625111211,18.77464031,37.772
33,264771209,1530625103076,-10.0,37.7
34,264771159,1530625088402,-77.07040938,37.697
35,264771120,1530625080314,-0.5,37.697
36,264771098,1530625073942,-6.8282,37.697
37,264771066,1530625066460,-43.76062494,37.693
38,264771065,1530625066457,-0.6,37.714
39,264771064,1530625066451,-0.6,37.716
40,264771063,1530625066446,-25.0,37.717
41,264771062,1530625066444,-6.0,37.717
42,264771061,1530625066441,-2.12372,37.737
43,264771042,1530625060095,9.048,37.805
44,264771041,1530625060093,9.9,37.79
45,264771040,1530625060091,0.6,37.79
46,264771038,1530625060085,9.852,37.773
47,264771037,1530625060083,0.6,37.773
48,264770924,1530625042849,19.032,37.771
49,264770900,1530625040887,19.0325,37.772
50,264770899,1530625040733,-87.9431,37.688
51,264770898,1530625040731,-0.6,37.714
52,264770897,1530625040725,-0.6,37.716
53,264770896,1530625040577,8.638428,37.81341777
54,264770894,1530625040565,0.6,37.79
55,264770893,1530625040560,0.6,37.773
56,264770892,1530625040555,0.161572,37.716
57,264770890,1530625040006,30.68,37.715
58,264770873,1530625037876,0.438428,37.716
59,264770872,1530625037871,1.061572,37.715
60,264770860,1530625036396,-95.80895267,37.655
61,264770859,1530625036347,-0.6,37.66
62,264770858,1530625036341,-25.0,37.673
63,264770857,1530625036339,-4.09548733,37.673
64,264770856,1530625036336,-1.74639,37.706
65,264770855,1530625036333,-5.23917,37.706
66,264770854,1530625036331,-17.51,37.712
67,264770849,1530625034906,-31.5,37.71
68,264770848,1530625034901,-38.82,37.711
69,264770847,1530625034896,-0.6,37.714
70,264770845,1530625034462,-4.8,37.718
71,264770817,1530625033613,1.74171,37.75
72,264770799,1530625029932,-17.9333804,37.755
73,264770796,1530625027877,-19.74253178,37.716
74,264770762,1530625023195,-10.0,37.716
75,264770751,1530625020233,-9.9,37.716
76,264770750,1530625020230,-0.6,37.716
77,264770731,1530625015149,-21.59,37.745
78,264770725,1530625013888,-6.28933768,37.744
79,264770724,1530625013757,-11.68066232,37.744
80,264770723,1530625012664,-0.4,37.744
81,264770665,1530625005898,-10.0,37.744
82,264770664,1530625005837,-26.5,37.744
83,264770644,1530624997333,-44.18994352,37.762
84,264770643,1530624997329,-0.6,37.773
85,264770642,1530624997322,-30.71,37.776
86,264770641,1530624997320,-24.50005648,37.793
87,264770639,1530624996900,2.516118,37.809
88,264770634,1530624995037,-2.4,37.793
89,264770555,1530624988821,-4.5837754,37.775
90,264770554,1530624988819,-0.3162246,37.79
91,264770540,1530624982949,-0.2837754,37.79
92,264770539,1530624982943,-0.4,37.808
93,264770528,1530624974688,-9.4,37.83
94,264770527,1530624974686,-0.6,37.83
95,264770516,1530624969705,-99.4,37.845
96,264770515,1530624969703,-0.6,37.865
97,264770502,1530624959943,0.6806,37.875
98,264770497,1530624956082,-0.6,37.886
99,264770468,1530624950472,-1.5,37.899
0,264771765,1530625213620,-36.79102645,37.796
0,264772754,1530625409832,-0.5,37.411
1,264772707,1530625403553,52.53829529,37.508
2,264772706,1530625403551,70.46820412,37.507
3,264772705,1530625403549,10.0,37.503
4,264772704,1530625403545,20.46812718,37.483
5,264772703,1530625403543,122.63291913,37.481
6,264772702,1530625403541,27.40793555,37.475
7,264772701,1530625403539,14.60071873,37.475
8,264772700,1530625403536,23.926,37.42
9,264772699,1530625403534,2.4013,37.42
10,264772540,1530625388527,7.06895305,37.504
11,264772539,1530625388191,-6.3388366,37.376
12,264772538,1530625388189,-0.6,37.376
13,264772537,1530625388185,-20.6,37.395
14,264772536,1530625388183,-0.6,37.409
15,264772535,1530625388177,-0.6,37.432
16,264772534,1530625388172,-58.5,37.44
17,264772533,1530625388169,-0.79423911,37.469
18,264772532,1530625388167,-0.6,37.488
19,264772531,1530625388162,-0.6,37.489
20,264772530,1530625388137,-72.90772848,37.503
21,264772528,1530625385591,-4.84006389,37.503
22,264772508,1530625381044,-11.35301741,37.503
23,264772505,1530625380389,-8.19957546,37.503
24,264772501,1530625380277,-32.71278823,37.503
25,264772500,1530625380173,-24.09790771,37.503
26,264772492,1530625377897,8.0,37.503
27,264772491,1530625377895,25.0,37.502
28,264772490,1530625377892,12.88891882,37.502
29,264772394,1530625364314,-83.661948,37.5
30,264772267,1530625363270,-6.4,37.5
31,264772255,1530625361693,-19.2,37.5
32,264772254,1530625361671,-19.2,37.5
33,264772252,1530625360823,-20.0,37.5
34,264772249,1530625360219,-11.41,37.5
35,264772247,1530625359903,-3.404062,37.5
36,264772246,1530625359895,-11.4817706,37.5
37,264772245,1530625359874,-37.46,37.5
38,264772234,1530625359291,-4.0102294,37.5
39,264772186,1530625355934,-4.261,37.5
40,264772166,1530625352371,-5.902,37.5
41,264772158,1530625351899,-26.885,37.5
42,264772157,1530625351897,-10.0,37.5
43,264772156,1530625351663,16.52450193,37.53
44,264772151,1530625351526,5.30061089,37.53
45,264772150,1530625351522,-9.29385685,37.518
46,264772149,1530625351520,-26.4,37.524
47,264772148,1530625351517,-1.74517,37.52683775
48,264772146,1530625351488,2.71189391,37.53
49,264772141,1530625351406,35.6405117,37.53
50,264772137,1530625351321,0.59962331,37.53
51,264772132,1530625351128,-1.2,37.53
52,264772131,1530625351125,-70.0,37.53
53,264772130,1530625351123,-11.53463838,37.53
54,264772129,1530625351120,-26.4,37.542
55,264772128,1530625351117,-26.0,37.561
56,264772119,1530625350859,-14.44274013,37.53
57,264772118,1530625350856,-1.0,37.538
58,264772117,1530625350852,-0.6,37.544
59,264772116,1530625350847,-34.83531265,37.545
60,264772115,1530625350807,-94.32656093,37.554
61,264772114,1530625350718,-2.0,37.556
62,264772113,1530625350715,-0.6,37.564
63,264772112,1530625350710,-0.62640075,37.566
64,264772111,1530625350707,-2.13311,37.571
65,264772110,1530625350706,-3.95,37.575
66,264772109,1530625350703,-163.27601,37.578
67,264772108,1530625350696,-14.0,37.579
68,264772107,1530625350694,-21.12194721,37.582
69,264772106,1530625350692,-6.375,37.593
70,264772105,1530625350593,-0.6,37.6
71,264772104,1530625350519,-15.0,37.604
72,264772103,1530625350518,-33.59,37.607
73,264772102,1530625350457,-65.0,37.611
74,264772093,1530625348022,-0.6,37.639
75,264772091,1530625347784,-0.6,37.66
76,264772085,1530625347174,-121.56142849,37.685
77,264772084,1530625347173,-34.72733468,37.686
78,264772083,1530625347072,-221.04658916,37.701
79,264772082,1530625347070,-0.00023911,37.705
80,264772077,1530625346710,-0.794,37.705
81,264772069,1530625346570,-121.55854041,37.708
82,264772068,1530625346569,-25.98446089,37.71
83,264772067,1530625346480,-5.51553911,37.71
84,264772066,1530625346474,-26.7787,37.711
85,264772063,1530625346351,-0.00023911,37.753
86,264772062,1530625346187,-0.794,37.753
87,264772042,1530625339281,-25.0,37.719
88,264771765,1530625213620,-36.79102645,37.796
0,264772754,1530625409832,-0.5,37.411
0,264772754,1530625409832,-0.5,37.411
0,264772754,1530625409832,-0.5,37.411
0,264772754,1530625409832,-0.5,37.411
0,264773208,1530625479523,-207.691818,37.49
1,264773193,1530625478213,-8.00565734,37.49
2,264773132,1530625473456,-13.8963377,37.49
3,264773130,1530625472720,-6.44359,37.49
4,264773129,1530625472659,-25.94,37.49
5,264773123,1530625471196,-17.14,37.49
6,264773111,1530625469746,42.308182,37.511
7,264773110,1530625469743,7.92,37.511
8,264773046,1530625464295,163.276,37.472
9,264773004,1530625451768,-0.6,37.489
10,264772968,1530625447325,14.29836745,37.506
11,264772967,1530625447322,6.64813255,37.503
12,264772905,1530625426598,-1.7892,37.416
13,264772754,1530625409832,-0.5,37.411
0,264773208,1530625479523,-207.691818,37.49
0,264773208,1530625479523,-207.691818,37.49
0,264773453,1530625555865,1.0,37.409
1,264773451,1530625555543,-0.6,37.414
2,264773450,1530625555539,-25.0,37.415
3,264773449,1530625555537,-7.71945428,37.415
4,264773437,1530625553569,-1.0,37.435
5,264773436,1530625553567,-0.6,37.435
6,264773274,1530625503249,-2.0,37.451
7,264773273,1530625502398,-2.0,37.452
8,264773263,1530625500607,-250.0,37.49
9,264773262,1530625499993,-150.0,37.49
10,264773248,1530625491019,-6.41677,37.49
11,264773208,1530625479523,-207.691818,37.49
0,264773871,1530625621541,1.9999,37.403
1,264773734,1530625612530,-27.0,37.4
2,264773724,1530625607819,-7.41,37.4
3,264773723,1530625607816,-6.0,37.401
4,264773542,1530625573724,-2.49918852,37.361
5,264773541,1530625573722,-0.80081148,37.367
6,264773523,1530625564705,-30.11545428,37.361
7,264773522,1530625564702,-24.78054572,37.371
8,264773521,1530625564700,-0.6,37.379
9,264773520,1530625564693,-24.5,37.393
10,264773519,1530625564691,-7.004,37.393
11,264773518,1530625564689,-13.0,37.393
12,264773453,1530625555865,1.0,37.409
0,264773871,1530625621541,1.9999,37.403
0,264773884,1530625623884,-14.73864572,37.361
1,264773871,1530625621541,1.9999,37.403
0,264774788,1530625745455,-247.31698076,37.477
1,264774787,1530625745452,-25.0,37.492
2,264774786,1530625745451,-41.50301924,37.492
3,264774654,1530625726706,-112.39538764,37.492
4,264774653,1530625726703,-25.0,37.493
5,264774652,1530625726701,-0.73961,37.493
6,264774607,1530625720858,0.6,37.491
7,264774606,1530625720853,4.43988348,37.489
8,264774605,1530625720850,0.6,37.489
9,264774604,1530625720845,2.73138414,37.489
10,264774603,1530625720841,13.5103255,37.488
11,264774602,1530625720838,24.22,37.488
12,264774566,1530625714217,-5.26039,37.478
13,264774552,1530625704491,104.77,37.477
14,264774551,1530625704489,21.2,37.476
15,264774550,1530625704486,5.14741339,37.476
16,264774267,1530625688296,0.6,37.435
17,264774258,1530625686848,20.83784978,37.43
18,264774251,1530625686552,4.02093842,37.43
19,264774247,1530625686330,5.99602626,37.43
20,264774246,1530625686326,0.00030298,37.416
21,264774243,1530625686188,13.05969702,37.416
22,264774242,1530625686184,0.00030298,37.409
23,264774235,1530625684809,2.198,37.409
24,264774215,1530625684417,5.57090785,37.409
25,264774214,1530625684037,3.43514536,37.409
26,264774213,1530625683873,7.92921445,37.409
27,264774212,1530625683730,2.88089472,37.409
28,264774175,1530625679781,7.175,37.37
29,264774167,1530625679297,1.428,37.37
30,264774166,1530625679287,2.377,37.37
31,264774125,1530625662717,-37.35328852,37.361
32,264774124,1530625662714,-52.64671148,37.361
33,264774123,1530625662710,-90.0,37.369
34,264774122,1530625662708,-20.0,37.37
35,264774120,1530625662268,-6.2,37.369
36,264774119,1530625662073,10.0,37.408
37,264774116,1530625659464,9.999e-05,37.408
38,264774110,1530625656783,-0.43445493,37.368
39,264774100,1530625652962,-0.59302031,37.365
40,264773927,1530625634389,19.89212464,37.409
41,264773926,1530625634385,24.78054572,37.408
42,264773925,1530625634383,13.29,37.404
43,264773923,1530625634380,59.32,37.403
44,264773922,1530625634378,25.0,37.403
45,264773921,1530625634376,4.0001,37.403
46,264773884,1530625623884,-14.73864572,37.361
0,264774788,1530625745455,-247.31698076,37.477
0,264774788,1530625745455,-247.31698076,37.477
0,264774788,1530625745455,-247.31698076,37.477
0,264775119,1530625822870,-0.6,37.414
1,264775101,1530625816513,-117.31962575,37.431
2,264775100,1530625816510,-0.6,37.435
3,264775099,1530625816505,-4.9,37.436
4,264775098,1530625816503,-5.8,37.45
5,264774788,1530625745455,-247.31698076,37.477
0,264775487,1530625887319,8.902265,37.498
1,264775486,1530625887317,9.0,37.494
2,264775485,1530625887315,0.6,37.491
3,264775484,1530625887309,0.6,37.489
4,264775483,1530625887303,33.897735,37.486
5,264775233,1530625857390,3.55806735,37.451
6,264775232,1530625857388,2.94995239,37.436
7,264775231,1530625857385,2.25115761,37.435
8,264775230,1530625857381,1.24082265,37.434
9,264775119,1530625822870,-0.6,37.414
0,264775487,1530625887319,8.902265,37.498
0,264775820,1530625913571,-1.926332,37.565
1,264775814,1530625912225,20.0,37.62
2,264775788,1530625909070,0.6,37.603
3,264775785,1530625908696,34.98886986,37.59549023
4,264775780,1530625908324,34.98681761,37.594
5,264775777,1530625907933,24.91601578,37.584
6,264775776,1530625907881,0.07992074,37.584
7,264775774,1530625907790,10.0,37.584
8,264775772,1530625907648,24.52228,37.57
9,264775770,1530625907580,1.87772,37.57
10,264775769,1530625907575,8.5,37.57
11,264775768,1530625907573,24.52228,37.57
12,264775758,1530625907203,34.9,37.57
13,264775748,1530625906509,0.6,37.564
14,264775742,1530625906273,58.25727088,37.55
15,264775741,1530625906269,3.5569,37.549
16,264775691,1530625899572,0.24272912,37.55
17,264775690,1530625899568,0.6,37.547
18,264775665,1530625897848,26.4,37.517
19,264775654,1530625897336,13.5436,37.516
20,264775653,1530625897334,0.000964,37.505
21,264775571,1530625893541,7.729,37.505
22,264775558,1530625892903,2.270036,37.505
23,264775557,1530625892900,44.301164,37.505
24,264775556,1530625892897,3.0,37.5
25,264775549,1530625892393,6.0,37.452
26,264775487,1530625887319,8.902265,37.498
0,264775820,1530625913571,-1.926332,37.565
0,264775820,1530625913571,-1.926332,37.565
0,264776279,1530625995346,10.84187188,37.69
1,264776278,1530625995344,0.6,37.66
2,264776217,1530625977346,-4.4,37.603
3,264776216,1530625977344,-0.6,37.603
4,264776215,1530625976779,20.419397,37.694
5,264776214,1530625976777,3.0,37.693
6,264776213,1530625976774,0.6,37.66
7,264776212,1530625976767,34.97921265,37.659
8,264776211,1530625976765,34.97775333,37.65738655
9,264776209,1530625976761,5.0,37.641
10,264776208,1530625976758,30.0,37.64
11,264776207,1530625976754,0.6,37.639
12,264776206,1530625976747,34.9717183,37.63632053
13,264776204,1530625976744,1.8,37.634
14,264776203,1530625976742,25.0,37.63
15,264776202,1530625976739,26.15191872,37.63
16,264776201,1530625976737,32.5,37.63
17,264775820,1530625913571,-1.926332,37.565
0,264776279,1530625995346,10.84187188,37.69
0,264776774,1530626152628,-2.34249553,37.622
1,264776773,1530626152567,-2.94068179,37.622
2,264776770,1530626151700,11.31911833,37.625
3,264776769,1530626151698,6.0,37.624
4,264776364,1530626029018,20.0,37.682
5,264776279,1530625995346,10.84187188,37.69
0,264776774,1530626152628,-2.34249553,37.622
0,264777081,1530626259845,1.8259,37.589
1,264777080,1530626259842,6.0,37.589
2,264776979,1530626222834,-32.5,37.593
3,264776978,1530626222832,-13.163,37.599
4,264776977,1530626222830,-40.48763439,37.599
5,264776961,1530626221094,24.0,37.6
6,264776960,1530626221090,6.0,37.6
7,264776900,1530626195721,-0.6,37.603
8,264776899,1530626195716,-6.9843,37.606
9,264776898,1530626195714,-25.0,37.609
10,264776897,1530626195711,-4.9,37.609
11,264776878,1530626191088,-5.99536114,37.608
12,264776877,1530626191086,-6.0,37.608
13,264776862,1530626181435,6.4635403,37.621
14,264776774,1530626152628,-2.34249553,37.622
0,264777081,1530626259845,1.8259,37.589
0,264777255,1530626327692,15.0,37.59
1,264777081,1530626259845,1.8259,37.589
0,264777255,1530626327692,15.0,37.59
0,264777255,1530626327692,15.0,37.59
0,264777673,1530626430762,6.46144597,37.55
1,264777672,1530626430758,0.7944109,37.549
2,264777645,1530626427044,-1.27724989,37.561
3,264777644,1530626427041,-6.0,37.564
4,264777643,1530626427039,-0.8747265,37.565
5,264777597,1530626419738,-1.27724989,37.582
6,264777596,1530626419736,-0.8747265,37.584
7,264777558,1530626415965,1.27724989,37.588
8,264777547,1530626415441,0.8747265,37.588
9,264777542,1530626415021,1.27724989,37.588
10,264777535,1530626414244,0.8747265,37.588
11,264777530,1530626414008,1.27724989,37.588
12,264777520,1530626413242,0.8747265,37.588
13,264777518,1530626412986,1.27724989,37.588
14,264777508,1530626412249,0.8747265,37.588
15,264777504,1530626412065,1.27724989,37.588
16,264777502,1530626411713,4.48717387,37.551
17,264777501,1530626411707,5.91852659,37.55
18,264777497,1530626411357,0.8747265,37.55
19,264777496,1530626411312,0.36112655,37.55
20,264777494,1530626411307,2.30071331,37.55
21,264777484,1530626410998,1.27724989,37.55
22,264777476,1530626410250,0.32981728,37.587
23,264777475,1530626410247,0.54490922,37.587
24,264777388,1530626395141,-6.3923,37.551
25,264777374,1530626385552,-9.4,37.551
26,264777373,1530626385550,-0.6,37.564
27,264777255,1530626327692,15.0,37.59
0,264777673,1530626430762,6.46144597,37.55
0,264777673,1530626430762,6.46144597,37.55
0,264777919,1530626496969,-0.8747265,37.546
1,264777901,1530626492660,-1.27724989,37.547
2,264777900,1530626492658,-0.6,37.547
3,264777755,1530626454625,-5.3229,37.548
4,264777673,1530626430762,6.46144597,37.55
0,264777919,1530626496969,-0.8747265,37.546
0,264778628,1530626631228,-4.3,37.548
1,264778566,1530626613049,0.794,37.55
2,264778559,1530626612531,0.6,37.547
3,264778558,1530626612526,0.0008,37.538
4,264778517,1530626609066,19.526,37.538
5,264778165,1530626544641,-3.79347078,37.481
6,264778164,1530626544638,-0.6,37.489
7,264778163,1530626544632,-0.6,37.491
8,264778162,1530626544627,-35.00555283,37.492
9,264778161,1530626544625,-0.00097639,37.53
10,264778051,1530626531189,-27.251,37.53
11,264777956,1530626512065,-2.74802361,37.53
12,264777955,1530626512062,-1.27724989,37.539
13,264777954,1530626512059,-0.8747265,37.54
14,264777919,1530626496969,-0.8747265,37.546
0,264778628,1530626631228,-4.3,37.548
0,264778866,1530626696790,-5.0,37.512
1,264778817,1530626682983,-4.9,37.51
2,264778745,1530626661563,10.63595031,37.567
3,264778744,1530626661561,0.6,37.564
4,264778743,1530626661555,25.0,37.563
5,264778742,1530626661553,12.2675,37.563
6,264778741,1530626661551,0.0004109,37.55
7,264778740,1530626661549,0.7,37.547
8,264778628,1530626631228,-4.3,37.548
0,264778866,1530626696790,-5.0,37.512
0,264778866,1530626696790,-5.0,37.512
0,264778866,1530626696790,-5.0,37.512
0,264778866,1530626696790,-5.0,37.512
0,264778866,1530626696790,-5.0,37.512
0,264779183,1530626863020,-3.64815433,37.5
1,264779182,1530626862332,-5.83728547,37.5
2,264779181,1530626862138,-2.91575908,37.5
3,264779180,1530626861281,-25.0,37.5
4,264779179,1530626861279,-38.65026316,37.5
5,264778866,1530626696790,-5.0,37.512
0,264779183,1530626863020,-3.64815433,37.5
0,264779183,1530626863020,-3.64815433,37.5
0,264779630,1530627062741,-1.892,37.499
1,264779629,1530627062739,-1.066,37.499
2,264779628,1530627062738,-0.831,37.499
3,264779576,1530627056465,-4.13136013,37.5
4,264779575,1530627056383,-6.62280457,37.5
5,264779574,1530627056208,-3.30814753,37.5
6,264779570,1530627055706,-1.095,37.5
7,264779183,1530626863020,-3.64815433,37.5
0,264779630,1530627062741,-1.892,37.499
0,264779861,1530627155530,-26.0,37.482
1,264779858,1530627154683,-17.8009,37.481
2,264779857,1530627154681,-0.6,37.489
3,264779856,1530627154676,-6.9991,37.491
4,264779855,1530627154674,-0.6,37.491
5,264779630,1530627062741,-1.892,37.499
0,264779861,1530627155530,-26.0,37.482
0,264779861,1530627155530,-26.0,37.482
0,264780311,1530627320383,5.0,37.403
1,264780263,1530627309524,-0.6,37.414
2,264780251,1530627298380,-0.6,37.435
3,264780250,1530627298374,-58.5,37.44
4,264780249,1530627298371,-4.9,37.447
5,264780218,1530627289521,2.13909,37.444
6,264780215,1530627288007,19.1923,37.444
7,264780209,1530627286810,19.1948,37.444
8,264780180,1530627271249,-20.0,37.453
9,264779861,1530627155530,-26.0,37.482
0,264780377,1530627338013,-14.01364508,37.377
1,264780376,1530627338010,-0.6,37.379
2,264780375,1530627338004,-4.01037349,37.387
3,264780364,1530627332300,0.60560794,37.388
4,264780363,1530627332298,6.47439206,37.388
5,264780361,1530627331601,2.14229,37.388
6,264780342,1530627324164,-92.16,37.395
7,264780341,1530627324162,-4.01037349,37.401
8,264780311,1530627320383,5.0,37.403
0,264780542,1530627389210,-15.94645952,37.357
1,264780541,1530627389208,-4.01208976,37.359
2,264780377,1530627338013,-14.01364508,37.377
0,264780542,1530627389210,-15.94645952,37.357
0,264780542,1530627389210,-15.94645952,37.357
0,264781015,1530627518472,-1.0,37.35
1,264781005,1530627514968,-44.27,37.35
2,264780942,1530627495715,-92.14304102,37.35
3,264780941,1530627495712,-122.82693113,37.352
4,264780940,1530627495709,-42.9754,37.353
5,264780939,1530627495706,-7.0051,37.362
6,264780938,1530627495703,-35.04952785,37.36344828
7,264780542,1530627389210,-15.94645952,37.357
0,264781015,1530627518472,-1.0,37.35
0,264781198,1530627592019,-0.096,37.266
1,264781197,1530627592013,-0.4,37.278
2,264781092,1530627550245,0.00162812,37.354
3,264781067,1530627533765,-3.0,37.281
4,264781066,1530627533761,-0.74548575,37.281
5,264781065,1530627533757,-4.01262639,37.31
6,264781064,1530627533755,-6.68538786,37.316
7,264781063,1530627533750,-0.5359,37.321
8,264781062,1530627533748,-0.6,37.322
9,264781061,1530627533743,-1.0,37.33
10,264781060,1530627533684,-0.6,37.334
11,264781059,1530627533560,-250.0,37.35
12,264781058,1530627533557,-216.59995898,37.35
13,264781056,1530627532044,-145.987,37.35
14,264781055,1530627532041,-5.0,37.351
15,264781054,1530627530847,15.81294158,37.374
16,264781053,1530627530844,4.18705842,37.374
17,264781015,1530627518472,-1.0,37.35
0,264781198,1530627592019,-0.096,37.266
0,264781408,1530627654155,0.99999999,37.214
1,264781377,1530627636892,1.35877417,37.265
2,264781376,1530627636889,15.0,37.26
3,264781375,1530627636887,36.92,37.259
4,264781374,1530627636884,5.47454846,37.22
5,264781373,1530627636882,89.671,37.219
6,264781372,1530627636880,25.0,37.219
7,264781371,1530627636877,36.92462833,37.219
8,264781370,1530627636447,-88.65104904,37.215
9,264781358,1530627633551,-22.00895096,37.221
10,264781318,1530627625596,-77.99104904,37.221
11,264781234,1530627604366,-29.9187434,37.25
12,264781233,1530627604364,-10.0,37.25
13,264781230,1530627604018,-0.6,37.26
14,264781229,1530627604013,-13.23,37.26
15,264781228,1530627603808,-16.77,37.26
16,264781223,1530627602507,-0.504,37.266
17,264781198,1530627592019,-0.096,37.266
0,264781695,1530627723918,-31.867,37.15
1,264781663,1530627714515,-9.371,37.15
2,264781653,1530627711761,-44.274,37.15
3,264781623,1530627704564,30.0,37.188
4,264781556,1530627682694,-14.513,37.15
5,264781555,1530627682692,-0.6,37.152
6,264781490,1530627671206,-0.47,37.182
7,264781489,1530627671154,-12.53,37.182
8,264781487,1530627670706,-0.6,37.189
9,264781484,1530627670573,-150.0,37.2
10,264781483,1530627670570,-45.20562001,37.2
11,264781481,1530627670396,-11.172,37.2
12,264781479,1530627670375,-19.42638,37.2
13,264781478,1530627670263,-10.17329999,37.2
14,264781477,1530627669881,-8.1537,37.2
15,264781476,1530627669878,-5.869,37.2
16,264781475,1530627669876,-0.6,37.21
17,264781408,1530627654155,0.99999999,37.214
0,264782074,1530627791265,-9.99999989,37.096
1,264782022,1530627787955,-1.1e-07,37.096
2,264782013,1530627785896,2.0,37.124
3,264781861,1530627755549,-0.21902176,37.075
4,264781860,1530627755244,-9.78097824,37.075
5,264781859,1530627755242,-31.5,37.08
6,264781858,1530627755237,-1.0,37.09285803
7,264781856,1530627755233,-0.6,37.097
8,264781855,1530627755117,-500.0,37.1
9,264781852,1530627754735,-0.6,37.113
10,264781851,1530627754729,-10.0,37.128
11,264781850,1530627754727,-0.4,37.137
12,264781849,1530627754573,-443.78688895,37.15
13,264781846,1530627754337,-1.1,37.15
14,264781826,1530627750769,-9.158,37.15
15,264781810,1530627747732,-24.7256,37.15
16,264781809,1530627747487,-53.0,37.15
17,264781762,1530627743184,12.637,37.155
18,264781761,1530627743183,7.363,37.154
19,264781759,1530627740641,-0.5405,37.15
20,264781753,1530627738823,-26.0,37.15
21,264781695,1530627723918,-31.867,37.15
0,264782074,1530627791265,-9.99999989,37.096
0,264782074,1530627791265,-9.99999989,37.096
0,264782074,1530627791265,-9.99999989,37.096
0,264782565,1530627928694,-7.03634144,36.929
1,264782564,1530627928692,-0.6,36.933
2,264782563,1530627928687,-8.0,36.937
3,264782562,1530627928685,-19.63235856,36.941
4,264782561,1530627928683,-7.0873,36.943
5,264782560,1530627928681,-13.644,36.943
6,264782559,1530627928680,-3.0,36.943
7,264782558,1530627928678,-20.0,36.944
8,264782537,1530627923350,-6.0,36.942
9,264782536,1530627923338,-4.0,36.942
10,264782497,1530627908439,-0.4215,36.936
11,264782464,1530627903657,5.92177365,36.988
12,264782463,1530627903651,3.43883669,36.987
13,264782462,1530627903646,9.4908957,36.987
14,264782457,1530627902863,0.6,36.989
15,264782456,1530627902856,6.0,36.988
16,264782440,1530627902288,-9.98416017,36.912
17,264782439,1530627902284,-0.01583983,36.918
18,264782438,1530627902282,-26.97471347,36.918
19,264782437,1530627902280,-22.10057,36.924
20,264782436,1530627902278,-13.49527665,36.928
21,264782435,1530627902276,-13.49527665,36.928
22,264782434,1530627902274,-13.49527665,36.928
23,264782433,1530627902271,-0.6,36.93
24,264782432,1530627902266,-35.38842186,36.931
25,264782431,1530627902264,-35.39272393,36.93200031
26,264782429,1530627902261,-1.35085847,36.933
27,264782428,1530627902259,-13.49527665,36.947
28,264782427,1530627902257,-0.5413,36.947
29,264782426,1530627902255,-16.67311027,36.95
30,264782425,1530627902252,-35.3862855,36.95446045
31,264782423,1530627902250,-0.6,36.963
32,264782422,1530627902244,-10.0,36.973
33,264782421,1530627902241,-20.6,36.976
34,264782419,1530627902239,-4.05246592,36.99
35,264782418,1530627902237,-25.0,36.991
36,264782383,1530627888963,-4.0,36.97629447
37,264782381,1530627888959,-19.66270916,36.97629447
38,264782379,1530627888956,-0.6,36.986
39,264782378,1530627888950,-13.49345567,36.987
40,264782377,1530627888948,-27.6,36.991
41,264782376,1530627888946,-1.0,37.0
42,264782374,1530627888943,-4.04383517,37.004
43,264782373,1530627888941,-10.0,37.02
44,264782372,1530627888937,-1.0,37.022
45,264782371,1530627888933,-10.0,37.03
46,264782370,1530627888929,-0.6,37.038
47,264782369,1530627888924,-12.0,37.04
48,264782163,1530627816617,-5.35660131,37.041
49,264782162,1530627816615,-0.6,37.041
50,264782161,1530627816609,-4.04339915,37.072
51,264782160,1530627816607,-19.99999954,37.08
52,264782105,1530627802037,-4.6e-07,37.08
53,264782074,1530627791265,-9.99999989,37.096
0,264782717,1530628000041,34.46062838,37.105
1,264782716,1530628000038,35.41331787,37.10459083
2,264782714,1530628000035,123.85067966,37.102
3,264782713,1530628000032,0.6,37.1
4,264782712,1530628000023,15.0,37.099
5,264782711,1530628000020,20.0,37.098
6,264782710,1530628000018,1.0,37.098
7,264782709,1530628000015,9.08182045,37.097
8,264782708,1530628000012,25.0403967,37.094
9,264782683,1530627978974,-10.7933,37.059
10,264782682,1530627978134,10.0,37.098
11,264782641,1530627957010,33.5259,37.084
12,264782640,1530627957008,11.4741,37.081
13,264782631,1530627953320,18.092244,37.082
14,264782630,1530627953318,23.187,37.061
15,264782629,1530627953316,23.720756,37.061
16,264782628,1530627952792,20.0,37.057
17,264782623,1530627949920,29.59582694,37.058
18,264782622,1530627949918,4.05767306,37.045
19,264782621,1530627949916,0.6,37.044
20,264782620,1530627949910,0.6,37.042
21,264782619,1530627949903,25.0,37.041
22,264782597,1530627936796,1.81377105,37.028
23,264782596,1530627936795,0.6,36.989
24,264782595,1530627936789,24.58622895,36.988
25,264782565,1530627928694,-7.03634144,36.929
0,264782853,1530628062344,-300.0,37.05
1,264782845,1530628056233,-25.0,37.06
2,264782844,1530628056230,-195.0,37.06
3,264782833,1530628054730,-1.0,37.06
4,264782773,1530628032155,-3.0,37.06
5,264782754,1530628017498,-1.0,37.06
6,264782717,1530628000041,34.46062838,37.105
0,264782853,1530628062344,-300.0,37.05
0,264783054,1530628118505,-1.8,37.044
1,264783053,1530628118504,-0.2,37.044
2,264782898,1530628087328,-0.4,37.044
3,264782894,1530628085299,11.23,37.059
4,264782853,1530628062344,-300.0,37.05
0,264783054,1530628118505,-1.8,37.044
0,264783054,1530628118505,-1.8,37.044
0,264783054,1530628118505,-1.8,37.044
0,264783054,1530628118505,-1.8,37.044
0,264783991,1530628273484,-34.91,37.294
1,264783990,1530628273482,-10.0,37.294
2,264783957,1530628258966,14.23487468,37.36
3,264783956,1530628258964,0.6,37.34
4,264783955,1530628258957,0.6,37.323
5,264783954,1530628258952,0.5359,37.321
6,264783953,1530628258950,4.02922532,37.316
7,264783874,1530628242301,78.735,37.305
8,264783870,1530628241098,2.0,37.278
9,264783863,1530628240540,37.7989697,37.266
10,264783861,1530628240405,0.60051515,37.266
11,264783856,1530628240200,0.60051515,37.266
12,264783855,1530628240169,2.0,37.266
13,264783847,1530628239886,0.6,37.267
14,264783846,1530628239881,0.00051515,37.265
15,264783845,1530628239398,20.89706641,37.264
16,264783844,1530628239391,3.21719247,37.264
17,264783843,1530628239196,7.09360914,37.264
18,264783842,1530628239062,26.79213198,37.264
19,264783841,1530628239039,44.0,37.264
20,264783835,1530628238381,-5.29568,37.263
21,264783834,1530628238370,20.304,37.265
22,264783830,1530628237959,0.6,37.265
23,264783824,1530628237261,-5.29848,37.263
24,264783823,1530628237168,26.4159713,37.266
25,264783822,1530628237097,4.9,37.266
26,264783818,1530628236204,4.02922532,37.266
27,264783809,1530628235670,4.02922532,37.263
28,264783806,1530628235384,4.02922532,37.263
29,264783794,1530628234069,0.6,37.24945347
30,264783789,1530628233722,68.32941337,37.265
31,264783788,1530628233719,0.6,37.265
32,264783787,1530628233714,63.05091,37.255
33,264783786,1530628233712,38.0,37.252
34,264783785,1530628233710,35.35030777,37.25021885
35,264783783,1530628233708,35.34598532,37.249
36,264783782,1530628233705,35.34285817,37.24813654
37,264783780,1530628233703,30.0,37.238
38,264783779,1530628233701,31.52545,37.226
39,264783778,1530628233699,0.6,37.211
40,264783777,1530628233694,7.0,37.2
41,264783776,1530628233691,0.6,37.191
42,264783774,1530628233485,23.49825904,37.19
43,264783772,1530628233394,8.00174096,37.19
44,264783764,1530628232931,16.70527197,37.179
45,264783763,1530628232838,4.03811986,37.179
46,264783761,1530628232737,5.59584603,37.179
47,264783760,1530628232633,4.03811986,37.168
48,264783754,1530628231738,3.03,37.171
49,264783751,1530628231543,4.043327,37.171
50,264783748,1530628231422,4.03811986,37.167
51,264783569,1530628217661,0.6,37.155
52,264783562,1530628217423,6.71747989,37.139
53,264783559,1530628217401,22.41946392,37.133
54,264783556,1530628217311,0.682,37.133
55,264783555,1530628217310,0.707,37.133
56,264783554,1530628217308,1.446,37.133
57,264783538,1530628216893,21.956,37.12
58,264783537,1530628216891,32.5,37.119
59,264783536,1530628216889,32.5,37.117
60,264783535,1530628216888,0.6,37.117
61,264783534,1530628216881,25.0,37.1
62,264783533,1530628216879,0.6,37.1
63,264783532,1530628216873,15.96538,37.098
64,264783531,1530628216870,8.139832,37.097
65,264783530,1530628216866,17.91580176,37.097
66,264783510,1530628216252,2.04476962,37.097
67,264783494,1530628214965,-15.8,37.06
68,264783493,1530628214962,-4.2,37.062
69,264783374,1530628183947,-10.0,37.047
70,264783371,1530628180360,-5.0,37.047
71,264783357,1530628172800,20.0,37.097
72,264783335,1530628160948,-4.0,37.064
73,264783334,1530628160945,-6.0,37.064
74,264783054,1530628118505,-1.8,37.044
0,264783991,1530628273484,-34.91,37.294
0,264784001,1530628276669,0.98140731,37.352
1,264784000,1530628276664,4.01859269,37.344
2,264783999,1530628276333,-5.0,37.291
3,264783991,1530628273484,-34.91,37.294
0,264784001,1530628276669,0.98140731,37.352
0,264784159,1530628321603,1.95181821,37.29
1,264784158,1530628321599,3.04818179,37.279
2,264784154,1530628316796,5.0,37.279
3,264784122,1530628309331,-45.0,37.291
4,264784121,1530628309329,-9.999,37.295
5,264784080,1530628304465,4.01875426,37.306
6,264784079,1530628304345,5.98049198,37.306
7,264784078,1530628304343,4.01950802,37.306
8,264784001,1530628276669,0.98140731,37.352
0,264784159,1530628321603,1.95181821,37.29
0,264784159,1530628321603,1.95181821,37.29
0,264784438,1530628402619,5.0,37.239
1,264784437,1530628402617,25.0,37.231
2,264784436,1530628402615,5.0,37.231
3,264784418,1530628397906,-10.0,37.228
4,264784417,1530628396719,-7.93213336,37.257
5,264784416,1530628396311,-2.06786664,37.257
6,264784415,1530628396306,-0.6,37.265
7,264784414,1530628396298,-0.80171389,37.267
8,264784406,1530628394440,-0.901,37.267
9,264784405,1530628394424,-1.993,37.267
10,264784404,1530628394421,-0.6,37.267
11,264784365,1530628379240,4.0,37.284
12,264784364,1530628379238,6.0,37.284
13,264784252,1530628352392,2.44507148,37.342
14,264784251,1530628352390,24.23,37.341
15,264784250,1530628352387,43.04918179,37.29
16,264784248,1530628352385,10.594,37.277
17,264784246,1530628352382,4.8,37.276
18,264784245,1530628352380,4.02484673,37.27
19,264784159,1530628321603,1.95181821,37.29
0,264784438,1530628402619,5.0,37.239
0,264784438,1530628402619,5.0,37.239
0,264784438,1530628402619,5.0,37.239
0,264784632,1530628473614,-0.00999999,37.117
1,264784587,1530628457652,-1.31374494,37.128
2,264784586,1530628457648,-35.31101713,37.12960782
3,264784584,1530628457645,-19.16523793,37.132
4,264784583,1530628457642,-16.14594108,37.132
5,264784582,1530628457641,-10.0,37.14
6,264784581,1530628457639,-35.30526892,37.14199141
7,264784579,1530628457636,-0.6,37.155
8,264784578,1530628457631,-7.0559,37.162
9,264784577,1530628457630,-10.0,37.162
10,264784576,1530628457627,-0.6,37.191
11,264784575,1530628457621,-6.29289,37.195
12,264784481,1530628421471,-2.15628,37.195
13,264784475,1530628415988,-1.55083,37.195
14,264784474,1530628415986,-0.6,37.211
15,264784438,1530628402619,5.0,37.239
0,264784632,1530628473614,-0.00999999,37.117
0,264784632,1530628473614,-0.00999999,37.117
0,264784632,1530628473614,-0.00999999,37.117
0,264784632,1530628473614,-0.00999999,37.117
0,264784775,1530628523262,-2.27110923,37.117
1,264784772,1530628522371,46.09351379,37.191
2,264784771,1530628522369,100.0,37.15
3,264784770,1530628522367,21.0,37.147
4,264784769,1530628522364,7.85014181,37.147
5,264784768,1530628522362,30.78721135,37.147
6,264784632,1530628473614,-0.00999999,37.117
0,264784775,1530628523262,-2.27110923,37.117
0,264784775,1530628523262,-2.27110923,37.117
0,264784775,1530628523262,-2.27110923,37.117
0,264784968,1530628603637,-2.15361,37.147
1,264784960,1530628597875,-6.47529,37.147
2,264784958,1530628597721,-6.47529,37.147
3,264784957,1530628597169,13.70351522,37.147
4,264784911,1530628579889,-2.0,37.117
5,264784775,1530628523262,-2.27110923,37.117
0,264784968,1530628603637,-2.15361,37.147
0,264784968,1530628603637,-2.15361,37.147
0,264784968,1530628603637,-2.15361,37.147
0,264784968,1530628603637,-2.15361,37.147
0,264785109,1530628667629,-18.43782259,37.01815403
1,264785107,1530628667627,-5.43088991,37.026
2,264785106,1530628667625,-21.62954053,37.032
3,264785105,1530628667623,-17.7924977,37.032
4,264785104,1530628667622,-0.6,37.042
5,264785103,1530628667616,-25.0,37.044
6,264785102,1530628667615,-0.6,37.044
7,264785101,1530628667611,-1.74425371,37.044
8,264785100,1530628667608,-1.49002315,37.054
9,264785099,1530628667605,-7.27497241,37.073
10,264785082,1530628650883,-2.72502759,37.073
11,264785081,1530628650881,-31.5,37.08
12,264785080,1530628650878,-30.21889078,37.082
13,264785079,1530628650877,-25.0,37.083
14,264785078,1530628650875,-0.6,37.1
15,264785077,1530628650870,-0.6,37.116
16,264785076,1530628650865,-9.35608163,37.137
17,264785061,1530628644478,-0.64391837,37.137
18,264785060,1530628644476,-2.598181,37.147
19,264785059,1530628644473,-96.75790063,37.147
20,264785025,1530628630570,-94.0,37.147
21,264785024,1530628630568,-6.0,37.148
22,264785005,1530628627829,-100.0,37.147
23,264784968,1530628603637,-2.15361,37.147
0,264785342,1530628741488,58.72932496,37.09
1,264785341,1530628741486,124.0463171,37.089
2,264785340,1530628741484,35.46965578,37.08878682
3,264785338,1530628741481,35.46971416,37.088
4,264785337,1530628741479,100.0,37.08
5,264785336,1530628741476,15.284988,37.069
6,264785335,1530628741474,25.0,37.068
7,264785334,1530628741472,6.0,37.068
8,264785331,1530628739806,24.57586364,37.03
9,264785330,1530628739804,0.42413636,37.03
10,264785279,1530628714473,-1.59393182,37.015
11,264785278,1530628714471,-1.98386364,37.015
12,264785277,1530628714469,-0.52804503,37.015
13,264785276,1530628714468,-0.28602315,37.017
14,264785275,1530628714465,-1.204,37.017
15,264785109,1530628667629,-18.43782259,37.01815403
0,264785342,1530628741488,58.72932496,37.09
0,264785342,1530628741488,58.72932496,37.09
0,264785342,1530628741488,58.72932496,37.09
0,264785756,1530628891981,0.01583982,37.086
1,264785641,1530628844647,9.42096945,37.063
2,264785640,1530628844644,24.91606455,37.057
3,264785639,1530628844642,6.539,37.056
4,264785519,1530628810389,-19.47525,37.051
5,264785510,1530628809387,-58.42575,37.051
6,264785463,1530628787864,-11.50364243,37.05
7,264785455,1530628784685,-4.04874692,37.05
8,264785342,1530628741488,58.72932496,37.09
0,264785756,1530628891981,0.01583982,37.086
0,264785756,1530628891981,0.01583982,37.086
0,264785967,1530628969177,-1.77936,37.083
1,264785844,1530628920590,-19.45946,37.082
2,264785756,1530628891981,0.01583982,37.086
0,264785967,1530628969177,-1.77936,37.083
0,264785967,1530628969177,-1.77936,37.083
0,264785967,1530628969177,-1.77936,37.083
0,264786167,1530629026970,54.111,37.087
1,264786155,1530629021751,-1.90135688,37.07
2,264786125,1530629017134,8.84106282,37.09
3,264786124,1530629017132,33.09066018,37.089
4,264786074,1530629007183,-100.0,37.07
5,264786066,1530629004611,-100.0,37.07
6,264786041,1530629001995,-100.0,37.07
7,264786040,1530629001474,-8.57,37.07
8,264786035,1530628999217,-100.0,37.07
9,264786030,1530628995988,-100.0,37.07
10,264786003,1530628989427,-8.84312,37.07
11,264786002,1530628989425,-71.84624,37.082
12,264786001,1530628989422,-15.09,37.083
13,264786000,1530628989420,-4.22064,37.083
14,264785967,1530628969177,-1.77936,37.083
0,264786167,1530629026970,54.111,37.087
0,264786167,1530629026970,54.111,37.087
0,264786167,1530629026970,54.111,37.087
0,264786167,1530629026970,54.111,37.087
0,264786167,1530629026970,54.111,37.087
0,264787170,1530629168316,8.4,37.397
1,264787169,1530629168314,0.6,37.379
2,264787168,1530629168309,8.0,37.367
3,264787164,1530629167384,90.49,37.378
4,264787163,1530629167381,109.51,37.369
5,264787162,1530629167379,100.0,37.35
6,264787122,1530629163863,13.8,37.37
7,264787121,1530629163861,15.0,37.349
8,264787120,1530629163859,0.6,37.34
9,264787119,1530629163855,0.6,37.339
10,264787109,1530629160433,4.85764621,37.339
11,264787101,1530629159106,-30.864437,37.23948041
12,264787099,1530629159103,-30.0,37.257
13,264787098,1530629159101,-0.6,37.265
14,264787097,1530629159095,-7.0551,37.269
15,264787096,1530629159093,-10.0,37.269
16,264787095,1530629159089,-21.480463,37.326
17,264787093,1530629159069,-2.15322,37.326
18,264787092,1530629159027,-6.45966,37.326
19,264787085,1530629157833,-2.406657,37.325
20,264787078,1530629157154,-3.26263001,37.324
21,264787077,1530629157153,-2.02979999,37.324
22,264787071,1530629156385,-7.72136674,37.324
23,264787070,1530629156313,-6.45861,37.324
24,264787063,1530629155128,-8.79022327,37.324
25,264787062,1530629154674,26.322,37.374
26,264787061,1530629154602,25.722,37.374
27,264787057,1530629154037,72.4,37.374
28,264787014,1530629153218,-5.29755,37.34
29,264787012,1530629153135,-4.09755,37.323
30,264787011,1530629153133,-0.6,37.323
31,264787010,1530629153128,-0.6,37.34
32,264787009,1530629153017,8.8995,37.36
33,264787006,1530629152868,8.8995,37.413
34,264787005,1530629152841,-2.45294666,37.437
35,264787003,1530629152836,-2.45294667,37.44
36,264787001,1530629152681,-8.25285379,37.311
37,264787000,1530629152676,-13.1105,37.312
38,264786999,1530629152671,-0.6,37.323
39,264786997,1530629152577,4.90589333,37.459
40,264786996,1530629152568,20.0,37.444
41,264786995,1530629152566,27.97142,37.442
42,264786994,1530629152564,0.6,37.433
43,264786993,1530629152558,30.0,37.431
44,264786992,1530629152556,0.75,37.43
45,264786991,1530629152554,17.799,37.42
46,264786990,1530629152548,0.6,37.414
47,264786989,1530629152543,26.221,37.408
48,264786988,1530629152537,10.0,37.405
49,264786987,1530629152533,98.35011568,37.38
50,264786986,1530629152459,11.73348833,37.378
51,264786985,1530629152457,0.6,37.378
52,264786984,1530629152451,30.0,37.37
53,264786983,1530629152448,4.01,37.369
54,264786982,1530629152444,23.27402137,37.368
55,264786981,1530629152442,35.34098521,37.36636957
56,264786979,1530629152439,1.43485,37.351
57,264786978,1530629152436,15.0,37.347
58,264786977,1530629152434,31.58131,37.342
59,264786976,1530629152432,0.6,37.34
60,264786975,1530629152427,0.6,37.322
61,264786974,1530629152421,35.34901558,37.32116038
62,264786972,1530629152418,35.34795271,37.321
63,264786971,1530629152416,6.73094779,37.27
64,264786970,1530629152412,0.6,37.266
65,264786969,1530629152407,0.6,37.265
66,264786968,1530629152401,30.0,37.261
67,264786940,1530629148500,0.6,37.211
68,264786936,1530629148231,31.37541825,37.208
69,264786935,1530629148229,35.42080379,37.20786236
70,264786923,1530629147828,4.04105715,37.208
71,264786922,1530629147665,0.01009844,37.20917977
72,264786920,1530629147663,4.04105715,37.204
73,264786919,1530629147659,0.6,37.191
74,264786918,1530629147654,31.5,37.19
75,264786916,1530629147500,4.04105715,37.181
76,264786915,1530629147498,35.4250711,37.173
77,264786910,1530629146993,0.6,37.155
78,264786908,1530629146988,100.0,37.15
79,264786907,1530629146986,100.0,37.13
80,264786906,1530629146985,84.4929012,37.12
81,264786895,1530629146353,11.35498995,37.12
82,264786888,1530629146029,4.15210885,37.12
83,264786887,1530629146025,13.74864868,37.12
84,264786875,1530629145616,4.68175869,37.12
85,264786858,1530629144596,0.96,37.12
86,264786857,1530629144535,14.40245542,37.12
87,264786856,1530629144433,3.65320972,37.12
88,264786855,1530629144185,40.0,37.12
89,264786854,1530629144170,22.55392749,37.12
90,264786853,1530629144167,17.96511259,37.12
91,264786852,1530629144002,16.68868383,37.12
92,264786844,1530629143095,65.34620358,37.12
93,264786843,1530629143091,2.0,37.119
94,264786834,1530629142206,0.6,37.117
95,264786821,1530629141648,100.0,37.11
96,264786816,1530629141472,0.6,37.1
97,264786815,1530629141466,100.0,37.1
98,264786814,1530629141465,32.42961222,37.09
99,264786813,1530629141463,0.70163515,37.089
0,264787170,1530629168316,8.4,37.397
0,264787170,1530629168316,8.4,37.397
0,264787170,1530629168316,8.4,37.397
0,264787170,1530629168316,8.4,37.397
0,264787170,1530629168316,8.4,37.397
0,264787515,1530629229198,-26.0,37.168
1,264787513,1530629229168,-4.0,37.168
2,264787506,1530629228647,-43.41260398,37.095
3,264787505,1530629228645,-0.6,37.099
4,264787504,1530629228639,-4.0211243,37.106
5,264787503,1530629228637,-79.4556,37.111
6,264787502,1530629228636,-15.0,37.111
7,264787501,1530629228634,-0.6,37.116
8,264787500,1530629228629,-10.0,37.119
9,264787499,1530629228625,-13.40662287,37.125
10,264787498,1530629228623,-24.66564885,37.13
11,264787497,1530629228621,-38.0,37.131
12,264787496,1530629228620,-63.0384,37.141
13,264787495,1530629228618,-0.6,37.155
14,264787494,1530629228612,-7.2,37.178
15,264787493,1530629228459,-2.0,37.178
16,264787483,1530629226156,-17.29213273,37.179
17,264787482,1530629226154,-35.28591706,37.179
18,264787481,1530629226152,-0.6,37.191
19,264787480,1530629226146,-123.41570438,37.195
20,264787479,1530629226144,-123.40624583,37.199
21,264787466,1530629222783,12.286536,37.265
22,264787460,1530629222063,-2.97505453,37.195
23,264787459,1530629222062,-123.50539292,37.195
24,264787458,1530629222060,-35.27345499,37.196
25,264787457,1530629222059,-8.0,37.196
26,264787456,1530629222057,-35.27652026,37.19608772
27,264787454,1530629222055,-22.8845773,37.197323
28,264787452,1530629222052,-72.085,37.198
29,264787422,1530629217462,-5.39791624,37.195
30,264787421,1530629217461,-0.6,37.211
31,264787420,1530629217455,-35.26390576,37.212
32,264787419,1530629217454,-30.0,37.213
33,264787418,1530629217452,-31.45953,37.225
34,264787417,1530629217450,-6.70827328,37.23
35,264787416,1530629217447,-35.26549634,37.23107714
36,264787414,1530629217444,-33.05720517,37.234
37,264787413,1530629217442,-35.26967321,37.23552815
38,264787411,1530629217439,-32.5,37.242
39,264787410,1530629217437,-30.0,37.26
40,264787409,1530629217433,-0.6,37.265
41,264787408,1530629217428,-23.278,37.267
42,264787407,1530629217426,-0.6,37.267
43,264787369,1530629208639,3.0,37.324
44,264787352,1530629204899,4.0,37.327
45,264787351,1530629204897,6.0,37.327
46,264787309,1530629190006,-10.556,37.323
47,264787308,1530629190004,-0.6,37.323
48,264787170,1530629168316,8.4,37.397
0,264787515,1530629229198,-26.0,37.168
0,264787515,1530629229198,-26.0,37.168
0,264787831,1530629308985,3.0,37.134
1,264787812,1530629305577,7.08645147,37.136
2,264787811,1530629305575,25.0,37.121
3,264787810,1530629305573,17.91354853,37.12
4,264787761,1530629294987,7.8399,37.123
5,264787736,1530629287404,-4.9,37.08062263
6,264787723,1530629285788,6.11,37.13
7,264787676,1530629267933,4.97560713,37.139
8,264787639,1530629259008,-4.01347861,37.08
9,264787515,1530629229198,-26.0,37.168
0,264787831,1530629308985,3.0,37.134
0,264787831,1530629308985,3.0,37.134
0,264787831,1530629308985,3.0,37.134
0,264787831,1530629308985,3.0,37.134
